card,label_en,conditions,mean_occurrence,mean_vp_lift,min_vp_lift,max_vp_lift,lift_estimable,positive_lift_cases,mean_enrichment,min_enrichment,max_enrichment,enriched_cases,positive_lift_share,enriched_share
shower_water_heat_recovery,Heat recovery from shower water,20,0.056145,243.91214994303044,153.23300711943583,406.7907579656599,20,20,2.4805217672783586,1.0344827586206897,8.253968253968253,20,1.0,1.0
thermal_flexibility,Thermal flexibility,20,0.14638,234.11609819892027,160.10048514574567,368.4260146707255,20,20,1.9694669181906295,0.8861859252823632,6.486486486486486,17,1.0,0.85
efficient_appliances,Efficient appliances,20,0.057515000000000004,232.7658073655728,150.40680049775978,350.52673043364723,20,20,1.951882630081228,0.8677248677248678,6.31578947368421,16,1.0,0.8
green_gas,just use green gas!,20,0.067815,206.9965171658264,117.03785872818747,354.67412679264845,20,20,6.986419693229891,5.07399577167019,9.040333796940194,20,1.0,1.0
wastewater_heat_pump,Wastewater heat pumps,20,0.046075,176.45019656321026,108.12304220951174,295.9155105244895,20,20,1.435052716493567,0.5845511482254697,4.324324324324324,10,1.0,0.5
groundwater_heat_pump,Groundwater heat pump,20,0.06581000000000001,171.62033684402337,86.6188514143816,299.1061102573511,20,20,1.5946769592159769,0.7751937984496124,4.252336448598131,15,1.0,0.75
decentralized_air_source_heat_pump,Decentralized air source heat pump,20,0.109335,165.28836506486337,68.39126372102905,317.8175166585589,20,20,1.0760698250560883,0.6388206388206388,3.513513513513513,6,1.0,0.3
geothermal_heat_pump,Geothermal heat pump,20,0.06656999999999999,159.49161240796025,82.44304780144941,304.4849729414725,20,20,1.206941802538072,0.6306306306306306,4.726224783861672,8,1.0,0.4
central_air_source_heat_pump,Central air source heat pump,20,0.06588000000000001,158.68192260373186,78.0107816568362,301.16841536518234,20,20,0.9540742620791102,0.5181347150259067,2.535211267605634,6,1.0,0.3
district_heating_connection,District heating connection,20,0.10894999999999999,146.22148728826218,54.693365620259044,289.1900069156293,20,20,1.6974521816746164,0.024390243902439025,4.087363494539781,11,1.0,0.55
insulation_passivehouse_eco,Passivehouse renovation ecological,20,0.03522,88.45736635698003,51.432071912861716,152.88392027264274,20,20,0.7751916164245962,0.31662269129287596,1.5254237288135593,5,1.0,0.25
underfloor_heating,Underfloor heating,20,0.00693,79.3330687106504,11.716700817471462,161.36071547977264,20,20,0.40485853798448035,0.0,2.5,2,1.0,0.1
conventional_facade_insulation_2,Conventional facade insulation,20,0.053195000000000006,75.43075956642063,54.11678902888889,133.97135416666669,20,20,0.8929323227542154,0.5714285714285714,1.3544018058690745,6,1.0,0.3
wall_heating,Wall heating,20,0.010005,73.95811800291119,10.572498130637655,177.13720428930617,20,20,0.5307162537213357,0.11627906976744186,1.1764705882352942,3,1.0,0.15
fan_assisted_radiators,Radiators with fans,20,0.182785,66.16236957341299,34.79522631492537,138.74641276326668,20,20,0.5892084589590796,0.3949730700179533,1.0966057441253265,1,1.0,0.05
insulation_passivehouse_fossil,Passivehouse renovation conventional,20,0.05347999999999999,55.93274949030878,31.827473978352657,107.21527055813385,20,20,0.10905646799800076,0.0,0.23923444976076558,0,1.0,0.0
low_temperature_radiator,Low-temperature radiator,20,0.045785,52.92720175511026,20.679378092341096,133.9424958347863,20,20,0.4427399723526301,0.03717472118959108,1.1299435028248588,1,1.0,0.05
ceiling_heating,Ceiling heating,20,0.025685000000000003,45.3548844711771,6.539629030790195,95.54146583269949,20,20,0.42886291305556,0.1183431952662722,0.8849557522123894,0,1.0,0.0
conventional_facade_insulation_1,Conventional facade insulation,20,0.08748500000000001,45.11944787536605,19.55567839793008,98.48418726285831,20,20,0.38405621612587404,0.2285714285714286,0.7603305785123967,0,1.0,0.0
ev_charging_infrastructure,E-car charging infrastructure,20,0.089955,38.81593489455064,7.656816933723633,62.51036189540656,20,20,2.181014527750887,1.3850415512465375,2.7918367346938777,20,1.0,1.0
insulation_standard_eco,Ecological facade insulation,20,0.088105,36.821294345871664,14.74829588500188,82.8433679442303,20,20,0.875158666611475,0.5580357142857143,1.2478336221837087,5,1.0,0.25
decentralized_comfort_ventilation,Decentralized comfort ventilation,20,0.16158,23.858189476106027,-1.0343499385251675,68.3971578601122,20,19,0.8254219871814534,0.6405051871898961,1.172069825436409,5,0.95,0.25
window_repl_passivehouse,Complete replacement of the box window,20,0.09056499999999999,18.473797571040706,-1.049258707005663,52.136067489962954,20,19,0.3988673222532878,0.14690451206715635,0.728862973760933,0,0.95,0.0
insulation_standard_fossil,Conventional facade insulation,20,0.149015,30.164832603850492,-3.2699936758506283,88.97689095069393,20,18,0.5456605059267272,0.28998640688717714,0.7881773399014778,0,0.9,0.0
biomass_boiler,Biomass boiler,20,0.10848499999999998,83.8650033020768,-16.40873162765382,234.6333397329385,20,17,0.02359776432501045,0.0,0.0947867298578199,0,0.85,0.0
bidirectional_charging,Bidirectional charging,20,0.036235,42.18558271779354,-25.35336579251731,134.51346568839023,20,17,2.515035189356538,1.2371134020618557,3.714285714285714,20,0.85,1.0
ev_wallboxes,E-car wall boxes,20,0.162825,16.516942199015375,-16.03860512820512,53.87160469297493,20,16,1.1813400800861422,0.7117688513037351,1.8559218559218558,13,0.8,0.65
pv_minimal,Minimal PV system,20,0.12458499999999999,11.24649762934001,-20.919051286945148,43.93413180915422,20,14,0.8408833601767205,0.6117353308364544,1.2341772151898733,6,0.7,0.3
glazing_replacement,Replacement of the glazing (the inner sash),20,0.14237,17.650956314525498,-7.195895719679754,73.93746075635323,20,13,0.918356670635552,0.6328182487122884,1.3531799729364007,5,0.65,0.25
ventilation_heat_recovery,Mechanical ventilation system with heat recovery,20,0.06447,6.036218026239061,-14.71550895693656,41.331824837684735,20,12,0.30319739377275107,0.0935672514619883,0.631578947368421,0,0.6,0.0
balcony_pv,Balcony Power Plant,20,0.42981499999999995,-2.7503646051930746,-135.9322151456589,84.42489723600283,20,10,0.8241760576828423,0.6413564319941024,1.1294117647058823,5,0.5,0.25
solar_thermal,Thermal solar system,20,0.07667,5.084754848526086,-7.649452703505915,38.69045911108719,20,9,0.6183886200397859,0.3686635944700461,0.8914728682170543,0,0.45,0.0
window_repl_eco_passivehouse,Complete replacement of the box window,20,0.05941,3.002576717264165,-17.300894101194388,31.647465002147328,20,8,0.4221361961277954,0.15220700152207003,0.8288288288288288,0,0.4,0.0
flexible_battery_charging,Flexible battery charging,20,0.42604,-1.1873282872755753,-115.68337392191853,86.5741183298806,20,8,0.8304573435645114,0.6032482598607889,1.337355455002514,3,0.4,0.15
flexible_load_management,Flexible load management,20,0.42247,-10.403416815424068,-131.22399545883903,92.65104386614985,20,8,0.8123775478937949,0.506934481109517,1.3260219341974078,3,0.4,0.15
shading,Shading,20,0.170275,-5.401562252191198,-29.409362101678482,32.6042183191538,20,7,0.6522961478874313,0.41302621127879263,0.9865470852017937,0,0.35,0.0
central_ventilation_heat_recovery,Central mechanical ventilation system with heat recovery,20,0.09913,-7.9882821000001085,-31.45155558625237,30.836966964235444,20,6,0.5235742360278959,0.24647887323943662,0.910569105691057,0,0.3,0.0
car_sharing,Car Sharing,20,0.190355,-9.6780267953439,-39.81876542659171,31.270642034385673,20,6,0.8305742881935491,0.590750097162845,1.2328767123287672,5,0.3,0.25
barrier_free_entry,Barrier_free entry,20,0.17074499999999998,-5.252064153590078,-32.09039999999999,37.579568963206725,20,5,0.7047556878925229,0.5032618825722274,1.1371237458193981,1,0.25,0.05
BESS_small,Small BESS,20,0.17702500000000002,-8.901088417018485,-43.72688437571793,40.69752951287535,20,5,0.6968077752738842,0.47013977128335444,1.0146561443066515,1,0.25,0.05
led_lighting,LED lighting,20,0.19102999999999998,-12.638882740815083,-39.1280489002728,35.67572084595929,20,5,0.724591234710657,0.500560328726186,1.217798594847775,1,0.25,0.05
window_repl_plastic,Complete replacement of the box window,20,0.14008,-13.002195467743501,-36.90662808198192,27.376541368315088,20,5,0.35260462430512624,0.15476190476190474,0.7591240875912408,0,0.25,0.0
electric_stove,Electric stove,20,0.19033,-15.350359996097842,-54.34759115059671,40.357318237712775,20,5,0.7777293651640772,0.5142627561269586,1.4905450500556174,4,0.25,0.2
window_repl_wood_alu,Complete replacement of the box window,20,0.089435,-15.841469106893019,-50.83776171435551,27.660021128505377,20,5,0.5432702152310545,0.3296703296703296,0.8934707903780068,0,0.25,0.0
roof_garden,Roof gardens,20,0.07808000000000001,-16.111281714231556,-55.10498084291186,13.889442897399135,20,4,0.6633682128661542,0.3965303593556382,0.9163346613545816,0,0.2,0.0
pv_medium,Medium-sized PV system,20,0.07849500000000001,-13.137973745845988,-34.571055113168086,15.16319148936168,20,3,0.6908148890504403,0.3457446808510638,1.1,2,0.15,0.1
mechanical_exhaust_air,Mechanical exhaust air systems,20,0.161585,-15.696851417363508,-47.67188832054558,31.87906005210573,20,3,0.7593346484676772,0.5199306759098786,1.1264080100125156,4,0.15,0.2
intensive_roof_greening,Intensive roof greening,20,0.10787500000000001,-22.900471496837092,-49.631118101674474,15.871888257424189,20,3,0.7841570152836389,0.5229793977812995,1.3813813813813813,3,0.15,0.15
green_facade,Green facades,20,0.104515,-23.300086853704038,-43.70630068621335,4.757037784678118,20,3,0.6539350105621545,0.431266846361186,1.0079575596816976,1,0.15,0.05
pv_roof_tiles,PV roof tiles,20,0.07665999999999999,-18.90924827518398,-64.38669018063001,12.570218913470626,20,2,0.71662915917569,0.33946251768033947,1.0285714285714287,2,0.1,0.1
elevator_installation,Elevator installation,20,0.10469500000000001,-27.137839240700647,-47.188519270642075,6.940044332438674,20,1,0.33746200052646697,0.21039603960396042,0.6025824964131995,0,0.05,0.0
BESS_large,Large BESS,20,0.11247499999999999,-28.097451440173188,-67.68661837877488,6.5993168503623565,20,1,0.6518939084760673,0.42899408284023677,1.126331811263318,1,0.05,0.05
BIPV,Facade integrated PV,20,0.07859,-49.44197687716833,-80.91435839062069,-20.442066166861537,20,0,0.4461902189047275,0.15857284440039643,1.0,0,0.0,0.0
pv_large,Large PV system,20,0.05448499999999999,-49.52306697096783,-79.03003208950258,-10.019932017080919,20,0,0.5821297839968548,0.2807017543859649,1.2034383954154728,2,0.0,0.1
pv_pergola,PV pergola,20,0.052235,-50.91909959113212,-71.65995751086848,-13.253735107803664,20,0,0.42915254292336974,0.17667844522968199,0.706860706860707,0,0.0,0.0
